ResourceID,Provider,ServiceCategory,Cost,UsageAmount,Anomaly_Score,Is_Zombie
i-107829,AWS,Database,49.44301789012021,2.309819927350775,-1,1
i-191726,AWS,Database,49.533107554323,1.5967565881445245,-1,1
i-214509,AWS,Machine Learning,49.83295267025363,3.021981673305392,-1,1
i-268312,AWS,Compute,49.75481492556656,1.5119353524677317,-1,1
i-280691,AWS,Storage,49.785137534941846,1.17234135686435,-1,1
i-285452,AWS,Machine Learning,49.05412261210508,1.0785036286400942,-1,1
i-392070,AWS,Compute,49.965301944265214,3.1454676392347625,-1,1
i-411779,AWS,Compute,49.88373231025594,1.176862792911228,-1,1
i-448762,AWS,Compute,49.46519117419049,2.684459681687565,-1,1
i-476941,AWS,Database,49.79391068032626,2.1890613968691985,-1,1
i-518264,AWS,Database,49.95103840666828,2.5125244728885754,-1,1
i-546416,AWS,Compute,49.87551867741432,3.153109888834461,-1,1
i-608170,AWS,Database,49.486122360555456,1.878416505877,-1,1
i-614821,AWS,Storage,49.48211587790793,1.4639850971998714,-1,1
i-646268,AWS,Networking,49.57664551583485,2.4395997095577964,-1,1
i-675015,AWS,Compute,49.98131959817891,1.6056380310857783,-1,1
i-688143,AWS,Storage,49.5917496418852,1.8813045707177445,-1,1
i-693460,AWS,Compute,49.65775766055096,2.8904349981409925,-1,1
i-725703,AWS,Machine Learning,49.68331899248586,2.944280469175893,-1,1
i-727120,AWS,Machine Learning,49.95353358163885,3.063867543531141,-1,1
i-733845,AWS,Networking,49.933968307987165,1.77284372521068,-1,1
i-741939,AWS,Networking,49.744505075022985,1.8683112989426605,-1,1
i-762662,AWS,Database,49.764092729774895,2.261086886865374,-1,1
i-768184,AWS,Database,49.47502351176978,2.535717067870696,-1,1
i-791654,AWS,Compute,49.91311686925357,3.155499547445169,-1,1
i-829413,AWS,Machine Learning,49.89528920452442,1.161568982705434,-1,1
i-840833,AWS,Machine Learning,49.69666054020304,2.27715063499182,-1,1
i-886405,AWS,Database,49.70874736488668,2.818514556930781,-1,1
i-898843,AWS,Compute,49.63234755859322,1.395056815916883,-1,1
i-942282,AWS,Storage,49.557932805487056,2.7124028570199927,-1,1
i-965297,AWS,Compute,49.9228797017771,1.5960473101759374,-1,1
i-980595,AWS,Database,49.70122431805359,1.4275992181740036,-1,1
i-989525,AWS,Machine Learning,49.73834149132911,2.06079712914262,-1,1
vm-1025,Azure,Networking,55.62936736496373,17.10433222268495,-1,1
vm-1052,Azure,Compute,53.21616621811086,37.6007033117882,-1,1
vm-1054,Azure,Machine Learning,58.81031949746784,51.47169131221733,-1,1
vm-1081,Azure,Storage,57.77313383100526,11.304963174036523,-1,1
vm-1092,Azure,Compute,56.07822573580803,56.742087397914936,-1,1
vm-1102,Azure,Database,54.770569460137054,16.811212112986233,-1,1
vm-1103,Azure,Storage,56.34479816218329,52.76765906443375,-1,1
vm-1122,Azure,Machine Learning,55.22980941724252,66.80000720567143,-1,1
vm-1126,Azure,Machine Learning,56.9684283100554,18.766622456767536,-1,1
vm-1176,Azure,Database,56.946390761909335,64.23221996498424,-1,1
vm-1185,Azure,Networking,59.12143953488607,59.15964843324143,-1,1
vm-1190,Azure,Database,57.721846330591966,22.2409285275578,-1,1
vm-1196,Azure,Database,53.69003525164072,28.19773211571,-1,1
vm-1202,Azure,Machine Learning,58.22619307173785,53.76522061798375,-1,1
vm-1206,Azure,Compute,59.2217872942613,56.06068375041352,-1,1
vm-1250,Azure,Machine Learning,57.25943477700984,30.917356604231813,-1,1
vm-1257,Azure,Database,53.663550007872885,9.823879801356732,-1,1
vm-1260,Azure,Storage,54.895681514218616,20.918803266423467,-1,1
vm-1269,Azure,Machine Learning,55.961498077044965,39.18613462547974,-1,1
vm-1271,Azure,Networking,54.88787768712521,54.16258398752436,-1,1
vm-1295,Azure,Storage,54.852675742569076,52.43623957139558,-1,1
vm-1306,Azure,Compute,55.91218032737094,42.20779266529183,-1,1
vm-1309,Azure,Machine Learning,52.73218132743428,18.71267316163744,-1,1
vm-1334,Azure,Networking,56.8481465121009,28.49133763380561,-1,1
vm-1342,Azure,Database,58.025421452051916,39.58884312676134,-1,1
vm-1360,Azure,Compute,55.29847554027167,57.71656151382674,-1,1
vm-1361,Azure,Storage,54.09012648510456,2.940496587535311,-1,1
vm-1390,Azure,Database,59.111347627831634,22.157469233818507,-1,1
vm-1396,Azure,Networking,58.05387269036063,52.56308565777875,-1,1
vm-1403,Azure,Storage,56.30443414502825,36.6683588965193,-1,1
vm-1428,Azure,Networking,59.37755496056455,11.55956846384505,-1,1
vm-1436,Azure,Networking,58.478829029680526,27.04165150907572,-1,1
vm-1446,Azure,Compute,53.504448218415135,31.23774211820429,-1,1
vm-1474,Azure,Storage,51.5097071847741,4.729697431093334,-1,1
vm-1479,Azure,Networking,52.89273168568738,15.161256856108114,-1,1
vm-1483,Azure,Database,52.68851761619781,24.119014050022486,-1,1
vm-1499,Azure,Storage,57.51338722963096,33.27371532008557,-1,1
vm-1516,Azure,Machine Learning,59.11594885735752,1.830135840171573,-1,1
vm-1522,Azure,Networking,57.99049341171532,61.63321129557537,-1,1
vm-1531,Azure,Compute,52.97474112333596,64.30041947405314,-1,1
vm-1545,Azure,Storage,53.31070720718131,65.5219249544636,-1,1
vm-1548,Azure,Database,54.56251281191804,28.104865768258435,-1,1
vm-1618,Azure,Machine Learning,56.020317498538816,18.42144192568365,-1,1
vm-1624,Azure,Networking,59.03065302975258,40.023788870733576,-1,1
vm-1636,Azure,Networking,57.085570878835846,42.31123065405041,-1,1
vm-1654,Azure,Storage,57.09841599780672,25.80260170360869,-1,1
vm-1673,Azure,Machine Learning,54.79969744605342,45.79824256392384,-1,1
vm-1699,Azure,Machine Learning,59.26163136396335,30.784604798151676,-1,1
vm-1708,Azure,Machine Learning,54.67502554357428,15.768852144820922,-1,1
vm-1718,Azure,Compute,59.015849659795954,18.34954459164618,-1,1
vm-1730,Azure,Database,51.403031847346845,2.4438216244555906,-1,1
vm-1754,Azure,Compute,55.906922868537805,32.73927194456438,-1,1
vm-1774,Azure,Compute,58.35860320234997,58.78036728509076,-1,1
vm-1780,Azure,Networking,56.11354334369139,3.979397873953444,-1,1
vm-1788,Azure,Compute,57.05375037209468,15.626947976860167,-1,1
vm-1789,Azure,Machine Learning,58.14155502943156,35.18085450670007,-1,1
vm-1794,Azure,Compute,56.97233614755287,20.3611834163034,-1,1
vm-1799,Azure,Machine Learning,54.502850213059126,65.45863172084151,-1,1
vm-1800,Azure,Networking,55.437763097007476,63.40851286665221,-1,1
vm-1806,Azure,Machine Learning,58.99899191415372,40.24170481486799,-1,1
vm-1817,Azure,Database,53.83494049869844,31.0333303433782,-1,1
vm-1819,Azure,Networking,52.89958559976285,33.34419931937003,-1,1
vm-1836,Azure,Storage,52.20885002867286,9.195043569010055,-1,1
vm-1929,Azure,Database,56.43201751082289,41.47500674894603,-1,1
vm-1939,Azure,Machine Learning,59.92044676871527,48.02843468179216,-1,1
vm-1990,Azure,Machine Learning,53.92284476417425,66.34067672064906,-1,1
vm-2007,Azure,Networking,57.35277404979718,22.88409278922622,-1,1
vm-2020,Azure,Database,56.343631575031246,21.21158005773758,-1,1
vm-2058,Azure,Machine Learning,54.08406906515896,29.4498339106726,-1,1
vm-2077,Azure,Compute,52.94187620371929,31.127653559277675,-1,1
vm-2090,Azure,Storage,53.5014497804204,59.852712396181616,-1,1
vm-2112,Azure,Machine Learning,53.77839142548283,9.70198070162234,-1,1
vm-2117,Azure,Storage,59.34916818593547,21.49465211940831,-1,1
vm-2136,Azure,Compute,54.69654543697304,52.506176999922495,-1,1
vm-2137,Azure,Database,55.15004400210654,47.73089610180203,-1,1
vm-2149,Azure,Networking,58.51192793545266,61.2988476068217,-1,1
vm-2151,Azure,Compute,57.33691079374611,30.16600251403408,-1,1
vm-2200,Azure,Machine Learning,57.25407275973071,57.63180698921484,-1,1
vm-2207,Azure,Networking,52.4436857179093,17.599387378763186,-1,1
vm-2230,Azure,Storage,55.58348815851421,39.42555770064209,-1,1
vm-2242,Azure,Database,59.31526385546727,32.78146948761567,-1,1
vm-2261,Azure,Machine Learning,52.74265281763464,31.987537777981515,-1,1
vm-2281,Azure,Networking,54.38363133955375,32.24288778450977,-1,1
vm-2283,Azure,Machine Learning,58.95087864671573,3.8757900226773576,-1,1
vm-2290,Azure,Compute,59.77538173127528,38.22852894308884,-1,1
vm-2298,Azure,Networking,58.49019172801326,64.54581240630479,-1,1
vm-2307,Azure,Storage,58.31784018658946,17.613138245286528,-1,1
vm-2343,Azure,Database,55.85978678923778,19.54370434930413,-1,1
vm-2348,Azure,Storage,57.13596471461228,35.35316387744172,-1,1
vm-2377,Azure,Compute,59.09928269673449,6.970463470487721,-1,1
vm-2384,Azure,Database,58.15643509365701,34.00595701468501,-1,1
vm-2384,Azure,Networking,53.46935015027715,62.31567499264576,-1,1
vm-2390,Azure,Database,56.27994951435336,58.0896125643839,-1,1
vm-2399,Azure,Storage,54.935724855441286,30.53098185967432,-1,1
vm-2411,Azure,Database,53.73375302886082,40.640539493773964,-1,1
vm-2411,Azure,Networking,56.351580689153806,33.74129379575136,-1,1
vm-2416,Azure,Networking,57.40082440261092,8.421877198506875,-1,1
vm-2417,Azure,Database,59.55802143579446,9.131439951792249,-1,1
vm-2425,Azure,Storage,59.01756862008569,39.69589188597741,-1,1
vm-2485,Azure,Machine Learning,57.31545512069892,17.170677814505808,-1,1
vm-2502,Azure,Machine Learning,55.316563957672045,29.78483575748543,-1,1
vm-2525,Azure,Networking,56.83269284351552,46.792225328078665,-1,1
vm-2571,Azure,Machine Learning,59.63074405903593,19.60930167101138,-1,1
vm-2576,Azure,Storage,54.11013833677482,2.836271535577868,-1,1
vm-2584,Azure,Database,53.00922952449703,64.21596468610636,-1,1
vm-2589,Azure,Compute,55.22745593904477,46.26207081451437,-1,1
vm-2611,Azure,Compute,54.03537385344748,43.32397784461349,-1,1
vm-2614,Azure,Machine Learning,57.53526694003802,39.022451057046496,-1,1
vm-2622,Azure,Compute,53.59691266097114,29.109968353074514,-1,1
vm-2633,Azure,Networking,57.52495683416856,7.455402901256212,-1,1
vm-2648,Azure,Compute,59.56517896150255,10.269043339444568,-1,1
vm-2681,Azure,Machine Learning,58.01135526336936,38.77728731423153,-1,1
vm-2684,Azure,Compute,58.30426350258592,54.83909309134165,-1,1
vm-2714,Azure,Storage,55.124206018792925,59.52766692981256,-1,1
vm-2724,Azure,Storage,56.252345632905865,10.657731852292104,-1,1
vm-2762,Azure,Machine Learning,58.17205862840026,26.58068841072909,-1,1
vm-2763,Azure,Machine Learning,58.03253040924783,43.8898706922284,-1,1
vm-2781,Azure,Machine Learning,57.85566394974796,66.2959258102536,-1,1
vm-2797,Azure,Storage,59.64523722924754,33.09295647470484,-1,1
vm-2813,Azure,Machine Learning,52.648928600584334,20.760521179223023,-1,1
vm-2839,Azure,Database,55.11943853242719,60.23707938400814,-1,1
vm-2850,Azure,Storage,56.095213251639656,21.01752805437336,-1,1
vm-2859,Azure,Storage,56.89529605533159,2.216079197823966,-1,1
vm-2863,Azure,Compute,57.542365554664016,37.86145430926992,-1,1
vm-2871,Azure,Storage,52.561392057718855,15.990183187741945,-1,1
vm-2890,Azure,Compute,54.34104602126027,14.33426073562596,-1,1
vm-2901,Azure,Compute,57.05382143449861,4.0070509950796325,-1,1
vm-2910,Azure,Networking,52.87078799262943,36.095624587384286,-1,1
vm-2916,Azure,Storage,55.91796948867072,22.26539860146535,-1,1
vm-2924,Azure,Storage,56.16772887857335,18.66391647978713,-1,1
vm-2932,Azure,Compute,59.75875084790199,53.55878158997958,-1,1
vm-2936,Azure,Networking,56.03729932735032,15.560500649705547,-1,1
vm-2939,Azure,Compute,57.08083145562817,46.64475537154938,-1,1
vm-2958,Azure,Database,54.85535569237216,24.371696033232404,-1,1
vm-3013,Azure,Machine Learning,55.279844601857135,55.42029893192792,-1,1
vm-3016,Azure,Database,54.224970084806365,23.684203567856745,-1,1
vm-3016,Azure,Networking,57.397922351353856,55.27585665559406,-1,1
vm-3030,Azure,Machine Learning,59.22399147825078,23.084175039849008,-1,1
vm-3069,Azure,Networking,52.70631135754605,1.706149974421032,-1,1
vm-3082,Azure,Networking,58.31788271706599,48.57411020150342,-1,1
vm-3098,Azure,Machine Learning,59.48291478979253,8.988400028501587,-1,1
vm-3113,Azure,Storage,56.29718266681881,7.8420692261246305,-1,1
vm-3121,Azure,Networking,58.808130228289976,56.83138707991456,-1,1
vm-3126,Azure,Networking,59.58287435574014,10.374464088494712,-1,1
vm-3139,Azure,Database,56.60313044828574,38.95336450407992,-1,1
vm-3142,Azure,Database,56.71762596317088,6.315115880141719,-1,1
vm-3152,Azure,Compute,57.16422066319506,3.486362263336625,-1,1
vm-3152,Azure,Database,56.40521961757334,40.70877065268882,-1,1
vm-3165,Azure,Networking,52.82746126694119,36.09577339145025,-1,1
vm-3169,Azure,Compute,51.64219091247588,10.914175664542247,-1,1
vm-3206,Azure,Networking,51.344894975235846,8.623470699797348,-1,1
vm-3238,Azure,Networking,55.63337850394589,21.256165578004396,-1,1
vm-3250,Azure,Machine Learning,59.458414031528,26.54058563456734,-1,1
vm-3258,Azure,Machine Learning,52.58276921353746,26.15313959986986,-1,1
vm-3263,Azure,Machine Learning,57.59926943010876,8.501960028961552,-1,1
vm-3265,Azure,Networking,54.3132858532958,39.6231512942415,-1,1
vm-3275,Azure,Compute,58.978963943477474,39.3624410009046,-1,1
vm-3278,Azure,Networking,55.388602024843806,33.663443400598354,-1,1
vm-3292,Azure,Database,54.88676281536564,58.50171848565412,-1,1
vm-3296,Azure,Database,52.73602358930459,17.10913917648779,-1,1
vm-3311,Azure,Storage,56.28774781804235,40.04817228300084,-1,1
vm-3328,Azure,Machine Learning,53.217708197318245,61.4702396578233,-1,1
vm-3344,Azure,Database,56.19402521255637,45.978665017161234,-1,1
vm-3356,Azure,Database,57.39641697199093,19.480864061040744,-1,1
vm-3374,Azure,Database,53.55888033849026,17.200936183336715,-1,1
vm-3383,Azure,Compute,58.77516094954679,66.36459483681749,-1,1
vm-3387,Azure,Machine Learning,54.79971088307645,3.8530788111517698,-1,1
vm-3405,Azure,Storage,55.24801965403118,8.714904495049673,-1,1
vm-3423,Azure,Compute,59.04574448957421,4.759208488245272,-1,1
vm-3426,Azure,Storage,56.3329860763201,16.850085455409378,-1,1
vm-3454,Azure,Networking,59.55884986931652,21.824981713074223,-1,1
vm-3472,Azure,Storage,57.4013154964553,52.29729974334376,-1,1
vm-3490,Azure,Machine Learning,58.975711953788654,19.48397523997341,-1,1
vm-3507,Azure,Machine Learning,54.616936107403475,47.56142983562527,-1,1
vm-3509,Azure,Machine Learning,53.15640200792964,19.667074886048745,-1,1
vm-3511,Azure,Compute,53.806885087503154,66.82992314192448,-1,1
vm-3519,Azure,Machine Learning,55.752241517198655,42.28281867541504,-1,1
vm-3530,Azure,Storage,53.94493979701965,36.74163968375499,-1,1
vm-3535,Azure,Networking,55.25626416759006,55.788966578115776,-1,1
vm-3544,Azure,Compute,56.47269577855317,55.76633152480061,-1,1
vm-3563,Azure,Machine Learning,54.59099003452101,61.621783234326905,-1,1
vm-3616,Azure,Compute,57.257223036150776,38.60938317729214,-1,1
vm-3635,Azure,Networking,56.91350153642371,26.01723196944016,-1,1
vm-3638,Azure,Compute,58.60981927946863,45.33922436238119,-1,1
vm-3648,Azure,Compute,53.82454796989961,43.31248546651128,-1,1
vm-3672,Azure,Networking,53.69572188560467,3.0960178045237625,-1,1
vm-3675,Azure,Machine Learning,55.95181795812304,61.11867417682075,-1,1
vm-3680,Azure,Database,57.499578791510494,49.241671797522265,-1,1
vm-3681,Azure,Compute,59.07900700478695,7.92389278124009,-1,1
vm-3684,Azure,Networking,53.067116973569085,9.006292966716371,-1,1
vm-3704,Azure,Machine Learning,55.61735977963759,15.375105537432146,-1,1
vm-3725,Azure,Compute,55.36753394866756,29.368370883361862,-1,1
vm-3727,Azure,Machine Learning,55.65800399980787,66.61371204991521,-1,1
vm-3743,Azure,Machine Learning,57.61714629157645,29.06375974912712,-1,1
vm-3753,Azure,Compute,53.10582151983695,38.575409952909496,-1,1
vm-3764,Azure,Storage,57.52629987236078,56.98530128266421,-1,1
vm-3784,Azure,Compute,54.670240168903305,35.44963940974653,-1,1
vm-3843,Azure,Machine Learning,56.05264244573004,20.39029830025529,-1,1
vm-3852,Azure,Machine Learning,55.58787428610461,50.52403676918448,-1,1
vm-3854,Azure,Compute,56.74878365608353,37.79104672056467,-1,1
vm-3855,Azure,Storage,51.69416300938803,11.217995582093554,-1,1
vm-3867,Azure,Networking,54.74412920904014,46.96924500118339,-1,1
vm-3887,Azure,Networking,56.13408174196226,43.1165443266101,-1,1
vm-3902,Azure,Database,54.64261694477557,45.251649704150566,-1,1
vm-3911,Azure,Machine Learning,59.06638147694516,9.424013885109726,-1,1
vm-3918,Azure,Networking,55.37150751618636,60.3862542773973,-1,1
vm-3943,Azure,Storage,59.01360457951447,49.54546526589356,-1,1
vm-3953,Azure,Storage,53.07200263166125,2.891746875481961,-1,1
vm-3961,Azure,Compute,54.7796543274628,44.68064348643465,-1,1
vm-3969,Azure,Compute,54.433623878251225,13.835371286500468,-1,1
vm-3976,Azure,Database,57.5184152284347,5.578117860048026,-1,1
vm-3976,Azure,Storage,57.68861982600794,66.69448664224676,-1,1
vm-3983,Azure,Machine Learning,54.36243888629912,44.1792372854827,-1,1
vm-4009,Azure,Database,56.234176493144716,18.571511994463382,-1,1
vm-4026,Azure,Database,52.9030039337971,11.019900585305416,-1,1
vm-4034,Azure,Database,59.44374141933322,23.46548781605916,-1,1
vm-4035,Azure,Database,55.9254716934915,10.438258799448064,-1,1
vm-4035,Azure,Machine Learning,54.58998795491449,39.89305865012077,-1,1
vm-4036,Azure,Storage,56.26675158293739,18.163883687594645,-1,1
vm-4042,Azure,Database,58.949026013473045,14.379516028861891,-1,1
vm-4057,Azure,Machine Learning,54.7800344404525,36.76004027402762,-1,1
vm-4060,Azure,Compute,57.69499172992885,16.510984276503955,-1,1
vm-4065,Azure,Machine Learning,53.17340204834099,18.28229419564888,-1,1
vm-4070,Azure,Machine Learning,57.78676717014795,29.250389824831323,-1,1
vm-4088,Azure,Networking,56.56253321947387,8.61738984900716,-1,1
vm-4131,Azure,Networking,59.91383798147995,37.10393670637509,-1,1
vm-4135,Azure,Storage,58.50252841270627,48.64001865419208,-1,1
vm-4136,Azure,Compute,57.74851278230591,26.46455717902164,-1,1
vm-4155,Azure,Compute,58.2001317197705,41.783215007894334,-1,1
vm-4160,Azure,Database,57.460297593452864,43.577650957764796,-1,1
vm-4174,Azure,Networking,59.50442177175215,15.01428166326001,-1,1
vm-4188,Azure,Database,54.101692816355104,42.26168692980726,-1,1
vm-4192,Azure,Networking,55.225716342344725,57.72439567850429,-1,1
vm-4210,Azure,Storage,58.11405096203757,47.26763905615433,-1,1
vm-4218,Azure,Machine Learning,57.63556709066841,50.77696372411436,-1,1
vm-4233,Azure,Compute,55.36517661320338,40.521566892292114,-1,1
vm-4248,Azure,Machine Learning,54.59283169359361,66.19519081357654,-1,1
vm-4253,Azure,Machine Learning,59.06787232336708,65.8167312781327,-1,1
vm-4267,Azure,Database,58.30109998841573,1.21220445184477,-1,1
vm-4271,Azure,Networking,52.998986131612845,12.093347750005428,-1,1
vm-4272,Azure,Machine Learning,59.94459033170787,59.08144454335969,-1,1
vm-4278,Azure,Database,56.65845032344835,40.05037254285169,-1,1
vm-4297,Azure,Storage,59.01912340820843,33.115414099913615,-1,1
vm-4305,Azure,Networking,56.74031059766894,64.7832345352115,-1,1
vm-4311,Azure,Storage,56.519841911776695,24.35720242663393,-1,1
vm-4315,Azure,Database,54.1960973758054,53.10160400343779,-1,1
vm-4331,Azure,Networking,53.59305267121013,41.305632070924176,-1,1
vm-4334,Azure,Networking,56.41026294993649,8.008382313696934,-1,1
vm-4344,Azure,Storage,59.06119613138949,38.67530063462938,-1,1
vm-4349,Azure,Database,58.89963371736034,61.66549017612919,-1,1
vm-4355,Azure,Database,54.009718360866174,50.97266165424212,-1,1
vm-4355,Azure,Machine Learning,54.75580540146342,27.137694024684983,-1,1
vm-4363,Azure,Storage,52.52516410362989,29.37987688640063,-1,1
vm-4374,Azure,Storage,56.39954975885183,40.09596189572004,-1,1
vm-4375,Azure,Compute,59.379128952605775,48.020252390039886,-1,1
vm-4377,Azure,Storage,54.60624984841888,26.19232338858272,-1,1
vm-4415,Azure,Machine Learning,54.00982299932336,40.22386776256757,-1,1
vm-4417,Azure,Database,59.43626516072011,7.484148278175764,-1,1
vm-4425,Azure,Networking,54.41508387538526,59.96995353378633,-1,1
vm-4427,Azure,Networking,56.16602884157663,25.22112287158556,-1,1
vm-4435,Azure,Machine Learning,58.17764853467099,16.80642342271011,-1,1
vm-4445,Azure,Storage,56.54283747745617,60.213477500937415,-1,1
vm-4454,Azure,Compute,56.385264582029954,46.094504919838336,-1,1
vm-4466,Azure,Networking,53.51922558567364,22.497154951947177,-1,1
vm-4474,Azure,Machine Learning,55.50788444856137,18.89464519393632,-1,1
vm-4484,Azure,Storage,58.053915506479456,7.594985636292563,-1,1
vm-4499,Azure,Machine Learning,57.50976620801868,3.0999228820450706,-1,1
vm-4518,Azure,Networking,59.85612063069768,6.775887620058625,-1,1
vm-4548,Azure,Database,53.373085989610885,35.24687188798897,-1,1
vm-4556,Azure,Storage,58.04913668419766,21.90487310014853,-1,1
vm-4566,Azure,Storage,49.82523158162632,2.0049800540537737,-1,1
vm-4570,Azure,Machine Learning,59.22860328848314,20.66503050521396,-1,1
vm-4571,Azure,Storage,55.4045704315742,63.64110656843715,-1,1
vm-4574,Azure,Database,57.430516626950485,30.146652319813025,-1,1
vm-4575,Azure,Machine Learning,56.25781413489338,37.92113995408448,-1,1
vm-4597,Azure,Storage,53.851734536340096,41.86504139914695,-1,1
vm-4688,Azure,Database,52.56613303086307,29.4191119771198,-1,1
vm-4688,Azure,Machine Learning,49.91293150780241,1.243641446531046,-1,1
vm-4692,Azure,Compute,56.917633722656575,52.93751245405029,-1,1
vm-4697,Azure,Compute,56.30642664056394,30.72067033771827,-1,1
vm-4741,Azure,Networking,58.59671546925143,33.47943793065731,-1,1
vm-4750,Azure,Database,53.01418143284861,18.41775755952311,-1,1
vm-4759,Azure,Compute,56.92702864714346,44.09539658738652,-1,1
vm-4773,Azure,Storage,57.833652845373,40.541593240085575,-1,1
vm-4782,Azure,Networking,53.30935082215123,61.49103586291959,-1,1
vm-4796,Azure,Storage,57.48028489290196,12.058428205887743,-1,1
vm-4800,Azure,Storage,55.55647367475764,32.93159263134415,-1,1
vm-4819,Azure,Networking,56.98390173909564,39.8127929214405,-1,1
vm-4829,Azure,Database,57.847762497520186,63.05830042392728,-1,1
vm-4833,Azure,Compute,56.05384021297721,44.69960176662679,-1,1
vm-4833,Azure,Database,54.83912637958896,19.018071205173783,-1,1
vm-4843,Azure,Machine Learning,54.4981835705661,45.194315033389415,-1,1
vm-4880,Azure,Machine Learning,56.37713523057205,11.059522791185763,-1,1
vm-4881,Azure,Networking,55.1343297579166,49.84382699823372,-1,1
vm-4884,Azure,Storage,54.045760141945664,59.460086528735495,-1,1
vm-4895,Azure,Database,58.51831051563504,17.783801941267342,-1,1
vm-4901,Azure,Machine Learning,59.450434873847726,19.90299532666461,-1,1
vm-4917,Azure,Compute,55.26574715494645,49.32278561849185,-1,1
vm-4919,Azure,Database,56.15258036073836,33.38165827773407,-1,1
vm-4925,Azure,Compute,55.3270315684988,8.349931158117867,-1,1
vm-4938,Azure,Database,59.75364607415549,22.670328253717745,-1,1
vm-4939,Azure,Storage,53.701899041599056,61.63896024099677,-1,1
vm-4940,Azure,Networking,54.12730661067325,40.63726965733447,-1,1
vm-4948,Azure,Storage,55.76300080127728,51.81563358146658,-1,1
vm-4958,Azure,Machine Learning,56.95980695333516,42.31017483917516,-1,1
vm-4964,Azure,Compute,58.71360929338674,18.537013436900864,-1,1
vm-4975,Azure,Machine Learning,59.69978003180066,37.38827691501366,-1,1
vm-4977,Azure,Machine Learning,55.03418154831735,25.458285168963773,-1,1
vm-4994,Azure,Machine Learning,59.35450808728442,55.28015541250888,-1,1
vm-5000,Azure,Compute,56.53425602192056,5.373210350680001,-1,1
vm-5017,Azure,Compute,53.62388264204164,30.61569527526364,-1,1
vm-5019,Azure,Storage,54.35731258001133,43.047467620714,-1,1
vm-5032,Azure,Machine Learning,53.29005384420816,26.802229882677786,-1,1
vm-5053,Azure,Networking,57.04859938081656,40.979262810021474,-1,1
vm-5061,Azure,Machine Learning,54.81668356835685,19.62508337685452,-1,1
vm-5092,Azure,Database,59.86589174143208,15.712725762324643,-1,1
vm-5093,Azure,Networking,56.6759195740457,13.99236031675038,-1,1
vm-5095,Azure,Machine Learning,59.08497977560374,58.91339980923215,-1,1
vm-5147,Azure,Compute,53.64822935691686,35.131272674149656,-1,1
vm-5147,Azure,Storage,55.78791939769322,43.60462132323883,-1,1
vm-5176,Azure,Database,54.07524309298637,59.42773446539731,-1,1
vm-5186,Azure,Machine Learning,58.13044810989853,4.507960638411559,-1,1
vm-5189,Azure,Database,55.39726768409652,45.44571757320948,-1,1
vm-5198,Azure,Compute,55.07525895546316,43.42215955626741,-1,1
vm-5215,Azure,Storage,58.70378399896514,49.51934107216268,-1,1
vm-5218,Azure,Storage,52.35913868685309,13.73401790600672,-1,1
vm-5250,Azure,Machine Learning,52.83768309644476,8.155537469473185,-1,1
vm-5255,Azure,Database,54.28769576987229,15.883484246830662,-1,1
vm-5301,Azure,Storage,54.40709303231954,65.4801758735793,-1,1
vm-5307,Azure,Networking,55.43321661518617,63.6580110003826,-1,1
vm-5309,Azure,Database,56.823168669825954,61.85416885273441,-1,1
vm-5332,Azure,Storage,54.44664464939488,64.02059398417634,-1,1
vm-5335,Azure,Database,56.32686170869157,22.63521211332528,-1,1
vm-5337,Azure,Compute,59.777273041390366,42.03572613451792,-1,1
vm-5346,Azure,Database,57.396580801015126,20.907268678492272,-1,1
vm-5357,Azure,Networking,57.13291646420682,45.88237978234995,-1,1
vm-5368,Azure,Database,59.040751457889804,27.241892031405666,-1,1
vm-5403,Azure,Compute,55.41802176273731,53.47766991915279,-1,1
vm-5403,Azure,Machine Learning,58.11882158973652,40.55991921252494,-1,1
vm-5409,Azure,Database,56.88217022635799,56.403483401838734,-1,1
vm-5418,Azure,Machine Learning,54.4822629295558,32.800409050699045,-1,1
vm-5439,Azure,Database,59.59284404427492,64.7155475229735,-1,1
vm-5454,Azure,Database,52.444903582140185,19.37898359377531,-1,1
vm-5477,Azure,Networking,55.80127320061489,61.60501701848782,-1,1
vm-5484,Azure,Machine Learning,55.88627752738637,53.23387546351619,-1,1
vm-5493,Azure,Database,58.0923284552168,36.57913823633938,-1,1
vm-5499,Azure,Compute,56.89422031171296,49.43436717609653,-1,1
vm-5504,Azure,Storage,55.11478078044745,48.21493839879022,-1,1
vm-5516,Azure,Machine Learning,55.24783469373618,24.281307497334183,-1,1
vm-5530,Azure,Networking,58.57017018633506,47.59664611620836,-1,1
vm-5564,Azure,Storage,58.186016945950094,46.61769511028045,-1,1
vm-5565,Azure,Networking,51.24081717507705,8.754785633864522,-1,1
vm-5577,Azure,Compute,55.849067517803036,26.855107383271726,-1,1
vm-5582,Azure,Storage,57.02145344318677,8.64518222078882,-1,1
vm-5584,Azure,Networking,52.09329794636412,8.957317932869806,-1,1
vm-5600,Azure,Database,59.22967041893417,64.67366221102108,-1,1
vm-5603,Azure,Storage,58.10077088618141,47.30423239717245,-1,1
vm-5622,Azure,Database,52.922520270138264,26.32327476726018,-1,1
vm-5659,Azure,Compute,51.874949689002975,3.388020588520012,-1,1
vm-5705,Azure,Database,53.20036894311543,3.0663346246580443,-1,1
vm-5705,Azure,Networking,56.20718602495824,42.77050232035857,-1,1
vm-5713,Azure,Compute,53.782467077768715,62.21156819143167,-1,1
vm-5723,Azure,Machine Learning,54.87102572235503,19.93835293329081,-1,1
vm-5723,Azure,Networking,56.55939608733161,43.97455712227327,-1,1
vm-5735,Azure,Database,51.729404336651335,6.495620031910826,-1,1
vm-5745,Azure,Storage,58.25995248962756,5.659276434255774,-1,1
vm-5749,Azure,Database,54.50209825036238,32.42671604536241,-1,1
vm-5766,Azure,Machine Learning,52.721026611169286,35.00883812191857,-1,1
vm-5781,Azure,Storage,56.98022088037664,66.21585143726159,-1,1
vm-5782,Azure,Networking,54.78404503570309,2.128313132959284,-1,1
vm-5785,Azure,Storage,59.73053050087621,18.78134092614676,-1,1
vm-5788,Azure,Storage,58.73119305314969,26.69971974295517,-1,1
vm-5797,Azure,Networking,55.05262300918163,1.8264336330713689,-1,1
vm-5804,Azure,Compute,54.02001640601322,11.408526882895394,-1,1
vm-5815,Azure,Database,52.64246206664388,22.937207545470272,-1,1
vm-5819,Azure,Networking,54.34342784545032,9.175194960003086,-1,1
vm-5864,Azure,Machine Learning,54.1388554809942,24.68098023584931,-1,1
vm-5887,Azure,Storage,54.84869664455844,48.55057828421298,-1,1
vm-5889,Azure,Machine Learning,55.35609482089373,43.41079563186887,-1,1
vm-5893,Azure,Networking,54.88414396617831,57.703823860604395,-1,1
vm-5928,Azure,Machine Learning,54.89109576119009,57.556494276068584,-1,1
vm-5932,Azure,Compute,59.29786043872341,36.00077546207454,-1,1
vm-5959,Azure,Networking,58.40488124990353,58.04266807311231,-1,1
vm-5964,Azure,Database,53.23686387617133,38.848621313282,-1,1
vm-5976,Azure,Machine Learning,56.58697600806143,65.8836413357763,-1,1
vm-5986,Azure,Storage,57.3093195984072,61.53996841151082,-1,1
vm-6040,Azure,Database,59.32402082971123,32.8431636275667,-1,1
vm-6074,Azure,Compute,57.701431066723835,54.331287085899795,-1,1
vm-6078,Azure,Machine Learning,59.30616432900448,46.81048473966043,-1,1
vm-6079,Azure,Machine Learning,54.22425912938397,19.84782568669091,-1,1
vm-6104,Azure,Networking,54.798175090002125,60.58477697964935,-1,1
vm-6122,Azure,Storage,55.31972705328739,35.81629426939962,-1,1
vm-6142,Azure,Storage,59.88345734347688,40.79187466409957,-1,1
vm-6162,Azure,Machine Learning,59.20562060871942,36.07303791761994,-1,1
vm-6188,Azure,Machine Learning,56.0409406967384,13.959694479096392,-1,1
vm-6191,Azure,Compute,53.855716690843806,38.05218417595646,-1,1
vm-6200,Azure,Machine Learning,52.85796210247746,32.683406309564674,-1,1
vm-6207,Azure,Machine Learning,56.79186800914485,27.99570021263624,-1,1
vm-6209,Azure,Storage,54.860753016196085,58.58521307267445,-1,1
vm-6222,Azure,Storage,52.10743710065936,3.3553779202556364,-1,1
vm-6243,Azure,Database,54.73457042783622,31.271289012920676,-1,1
vm-6259,Azure,Storage,56.05486130165702,34.23931673384505,-1,1
vm-6274,Azure,Networking,57.77647771325652,45.767906933762966,-1,1
vm-6290,Azure,Machine Learning,55.45634004851315,48.48692360897095,-1,1
vm-6291,Azure,Machine Learning,52.78472169336142,61.763696698775234,-1,1
vm-6302,Azure,Database,54.150865347360586,30.685465474017963,-1,1
vm-6302,Azure,Machine Learning,57.98998332973321,42.15608689168872,-1,1
vm-6319,Azure,Machine Learning,52.846299458298134,33.21327546080583,-1,1
vm-6323,Azure,Compute,55.819375576313085,50.50310078231963,-1,1
vm-6328,Azure,Machine Learning,59.33360049305709,22.29255073298016,-1,1
vm-6328,Azure,Storage,52.10201914933039,12.59982386385159,-1,1
vm-6330,Azure,Compute,57.60311837043966,29.783766978537457,-1,1
vm-6371,Azure,Storage,59.50107908795214,34.52871158394831,-1,1
vm-6394,Azure,Compute,51.772207918273125,7.197199978714287,-1,1
vm-6397,Azure,Machine Learning,52.94032407113724,10.64652422873184,-1,1
vm-6410,Azure,Compute,54.05143684057664,3.0249835028313883,-1,1
vm-6421,Azure,Compute,53.01911317567616,17.0295167436671,-1,1
vm-6428,Azure,Networking,56.38837780499124,63.24639790431214,-1,1
vm-6435,Azure,Compute,56.62187385332078,63.528753290431474,-1,1
vm-6437,Azure,Networking,57.41340205165034,16.909031708213355,-1,1
vm-6444,Azure,Storage,57.039751862925215,14.28767746764798,-1,1
vm-6482,Azure,Machine Learning,51.60610192254036,9.340878767327295,-1,1
vm-6487,Azure,Machine Learning,58.6364698517774,49.61823037038658,-1,1
vm-6508,Azure,Database,54.82228414884363,51.894779363393376,-1,1
vm-6513,Azure,Compute,58.71102681522003,57.96494956273836,-1,1
vm-6519,Azure,Machine Learning,53.33609624495283,65.62567316369118,-1,1
vm-6528,Azure,Machine Learning,52.717974577735966,17.472994412739205,-1,1
vm-6548,Azure,Networking,59.78730822665675,5.798814102053403,-1,1
vm-6552,Azure,Networking,54.620980706512846,11.868001698813249,-1,1
vm-6567,Azure,Database,56.12121073039928,64.57875642372925,-1,1
vm-6587,Azure,Database,53.32689066064183,61.19712319246427,-1,1
vm-6599,Azure,Compute,54.95967787529674,48.90059523761357,-1,1
vm-6614,Azure,Database,54.73299492157997,9.51247029409389,-1,1
vm-6618,Azure,Networking,54.208653567536665,12.61494114250497,-1,1
vm-6642,Azure,Database,55.03263710450372,59.85663480301372,-1,1
vm-6645,Azure,Database,53.42534440602125,20.36821792654588,-1,1
vm-6667,Azure,Networking,54.3495411030237,9.359480107649974,-1,1
vm-6672,Azure,Compute,52.85241716038856,61.407544267431,-1,1
vm-6673,Azure,Compute,53.12622984736568,16.84189582205331,-1,1
vm-6682,Azure,Machine Learning,53.85023011211308,45.1700437752618,-1,1
vm-6713,Azure,Machine Learning,58.92419082973674,2.666496151013461,-1,1
vm-6714,Azure,Storage,51.98300866243916,8.046305139768503,-1,1
vm-6727,Azure,Compute,53.05304865109982,32.43614364183897,-1,1
vm-6730,Azure,Machine Learning,52.1516455183883,8.421676709896493,-1,1
vm-6746,Azure,Compute,59.60117808676046,50.798257378739,-1,1
vm-6752,Azure,Database,57.45246402493244,36.84091192746188,-1,1
vm-6759,Azure,Database,53.248670740951006,30.32472458573622,-1,1
vm-6759,Azure,Networking,59.9106462496011,62.84741072127361,-1,1
vm-6772,Azure,Database,59.29382959598175,12.195684090537387,-1,1
vm-6780,Azure,Compute,58.03103514657878,24.82266762812452,-1,1
vm-6833,Azure,Database,55.404151801257456,38.24179706371277,-1,1
vm-6835,Azure,Compute,58.98510128402046,55.757814938151284,-1,1
vm-6838,Azure,Networking,59.98646782528608,49.20527417872508,-1,1
vm-6847,Azure,Storage,55.017010920496816,32.10862851897858,-1,1
vm-6854,Azure,Storage,56.15896193060832,21.76438062999515,-1,1
vm-6882,Azure,Compute,56.80351685798601,8.91068075170184,-1,1
vm-6883,Azure,Networking,57.8937635686443,21.64415347192892,-1,1
vm-6894,Azure,Compute,54.52888856321018,20.58710274291396,-1,1
vm-6896,Azure,Networking,55.01784922869765,16.068377034121834,-1,1
vm-6920,Azure,Storage,51.81558356796047,13.099223992818558,-1,1
vm-6922,Azure,Compute,55.5871611869857,41.47173643822793,-1,1
vm-6928,Azure,Machine Learning,59.2169523612603,5.073130165348681,-1,1
vm-6964,Azure,Machine Learning,54.57374446395774,32.849280818149666,-1,1
vm-6968,Azure,Compute,55.49099300654731,23.77778279904724,-1,1
vm-6968,Azure,Database,52.15211356518287,6.78881771230985,-1,1
vm-6985,Azure,Machine Learning,57.16543972656909,12.059564641277005,-1,1
vm-7000,Azure,Networking,57.6812537724032,17.7534031114681,-1,1
vm-7005,Azure,Database,57.52723924668878,54.57787559379645,-1,1
vm-7014,Azure,Networking,57.9455954235368,33.553305799517496,-1,1
vm-7018,Azure,Database,59.70558715185325,31.626266393881124,-1,1
vm-7030,Azure,Storage,52.07236773307485,4.515775614598404,-1,1
vm-7032,Azure,Database,55.552549508129545,64.29199871753255,-1,1
vm-7045,Azure,Storage,55.6455522075328,49.79302519203137,-1,1
vm-7051,Azure,Compute,59.53511964938762,15.201211417441042,-1,1
vm-7077,Azure,Storage,59.00984306978502,2.584105735346797,-1,1
vm-7079,Azure,Machine Learning,59.16381171174765,56.77039156848894,-1,1
vm-7099,Azure,Database,53.34307346052456,61.08567558602478,-1,1
vm-7104,Azure,Networking,58.98822995599947,46.82236406809909,-1,1
vm-7121,Azure,Machine Learning,53.14286339957426,13.672510342050098,-1,1
vm-7140,Azure,Networking,57.745558550190864,66.58986221587986,-1,1
vm-7144,Azure,Database,56.223156857183575,31.10515445679804,-1,1
vm-7148,Azure,Networking,57.191502099847085,55.56372738595859,-1,1
vm-7181,Azure,Database,57.60047363189841,42.89317902240992,-1,1
vm-7182,Azure,Storage,55.36024591334477,58.12183213013521,-1,1
vm-7204,Azure,Machine Learning,59.9692920750112,7.787998855850368,-1,1
vm-7247,Azure,Compute,55.32638124748198,66.68488923251074,-1,1
vm-7268,Azure,Database,56.82408867850374,54.09948943373848,-1,1
vm-7285,Azure,Storage,53.248220786117415,19.75493051320153,-1,1
vm-7293,Azure,Machine Learning,52.055270254544595,14.744592226836158,-1,1
vm-7303,Azure,Machine Learning,57.48213674226829,14.099444575121774,-1,1
vm-7308,Azure,Database,54.9522156882427,64.24629160613358,-1,1
vm-7320,Azure,Machine Learning,53.97660345528353,9.63409154316796,-1,1
vm-7322,Azure,Storage,56.49680903528109,49.733286101255665,-1,1
vm-7326,Azure,Compute,57.52611394604927,8.642354991780907,-1,1
vm-7344,Azure,Database,55.6443271647295,27.05039924860847,-1,1
vm-7348,Azure,Machine Learning,57.170378713177,50.05491433639651,-1,1
vm-7354,Azure,Machine Learning,58.10466523845368,42.77332898933374,-1,1
vm-7359,Azure,Database,53.677704342373865,62.02163513727362,-1,1
vm-7380,Azure,Storage,54.768911245276215,37.771050800679255,-1,1
vm-7399,Azure,Networking,55.30465986821346,46.046631421336336,-1,1
vm-7420,Azure,Machine Learning,53.79548916935848,12.720483767421497,-1,1
vm-7450,Azure,Storage,55.02081032079959,24.61365224182681,-1,1
vm-7455,Azure,Machine Learning,56.45487895553062,12.11560627754142,-1,1
vm-7456,Azure,Machine Learning,54.38831981308082,46.15110186587262,-1,1
vm-7461,Azure,Machine Learning,55.5830862024162,55.94468121460772,-1,1
vm-7472,Azure,Database,54.91864611013856,59.22816442141948,-1,1
vm-7499,Azure,Machine Learning,59.09643787011506,66.78597768606805,-1,1
vm-7528,Azure,Database,56.0080098249388,19.903573106407464,-1,1
vm-7550,Azure,Compute,54.30135152175163,24.788020947035307,-1,1
vm-7551,Azure,Storage,55.00281821219016,62.51329928681047,-1,1
vm-7561,Azure,Compute,54.79159407105358,63.10275920771724,-1,1
vm-7561,Azure,Networking,56.00748518682557,8.81644598866891,-1,1
vm-7567,Azure,Networking,52.24097480076262,8.55774670162323,-1,1
vm-7583,Azure,Database,54.32921631515193,44.3616276151903,-1,1
vm-7597,Azure,Database,55.51554620315518,55.48993753866078,-1,1
vm-7615,Azure,Database,53.69024511501044,21.668292290038362,-1,1
vm-7622,Azure,Networking,58.34791490649004,50.83499488639887,-1,1
vm-7645,Azure,Compute,54.94967940124503,5.940464834307474,-1,1
vm-7650,Azure,Storage,56.64806767604691,37.07352820882288,-1,1
vm-7651,Azure,Database,53.73447942595209,14.496872629373776,-1,1
vm-7657,Azure,Compute,55.65252061113413,17.81507158539732,-1,1
vm-7662,Azure,Storage,58.23724492217614,47.09912899646284,-1,1
vm-7666,Azure,Storage,58.78189045026356,46.91373310972791,-1,1
vm-7673,Azure,Compute,58.185447950130026,36.3209968305562,-1,1
vm-7687,Azure,Machine Learning,56.87085288550099,41.33044002618846,-1,1
vm-7705,Azure,Storage,56.83054231666205,64.63191224054057,-1,1
vm-7736,Azure,Storage,55.61318440355027,34.779021268458735,-1,1
vm-7757,Azure,Database,55.42819855139485,14.2797845044511,-1,1
vm-7776,Azure,Compute,54.92423913112401,13.842114277681024,-1,1
vm-7789,Azure,Machine Learning,53.56513656763974,24.68555785348958,-1,1
vm-7796,Azure,Machine Learning,59.00789372692044,41.24389224729723,-1,1
vm-7882,Azure,Database,57.13028720641019,7.46027985301132,-1,1
vm-7882,Azure,Storage,55.507810321228526,29.62223555697488,-1,1
vm-7885,Azure,Storage,58.63077447449208,65.94277730236779,-1,1
vm-7887,Azure,Storage,53.06254705421227,23.086117500079858,-1,1
vm-7898,Azure,Database,57.58806500640269,20.465632365469077,-1,1
vm-7899,Azure,Database,53.23320587911876,65.37804806370498,-1,1
vm-7907,Azure,Machine Learning,54.01260549463609,9.182209593279694,-1,1
vm-7928,Azure,Storage,53.12740378913197,24.18824502309285,-1,1
vm-7946,Azure,Compute,54.58928706276332,29.96919391149144,-1,1
vm-8005,Azure,Compute,51.2378116985999,5.403687821038813,-1,1
vm-8006,Azure,Database,57.63909978005852,13.313670748583036,-1,1
vm-8007,Azure,Networking,55.513474816515775,43.89176255721227,-1,1
vm-8039,Azure,Database,54.04995705419696,24.612331378833083,-1,1
vm-8062,Azure,Database,53.28373915563006,26.512506817215574,-1,1
vm-8073,Azure,Machine Learning,58.58603094281024,20.71834084747133,-1,1
vm-8082,Azure,Machine Learning,54.160525384363744,31.838302286026288,-1,1
vm-8166,Azure,Networking,54.66749392986371,18.72270716834037,-1,1
vm-8170,Azure,Database,56.72400860510383,38.38078313976816,-1,1
vm-8204,Azure,Machine Learning,53.05249536418858,20.63853862693078,-1,1
vm-8213,Azure,Machine Learning,56.285566964604136,55.0759009635997,-1,1
vm-8217,Azure,Machine Learning,54.29467647779911,47.12120427829554,-1,1
vm-8220,Azure,Networking,58.06940913359549,26.557823123007587,-1,1
vm-8236,Azure,Database,58.60331014622197,33.311829260284014,-1,1
vm-8236,Azure,Networking,55.84547609137578,6.842440320716758,-1,1
vm-8243,Azure,Database,55.0556873043804,57.28926650851853,-1,1
vm-8246,Azure,Storage,57.810689085339305,64.03008695941097,-1,1
vm-8250,Azure,Storage,56.93592297788729,25.590133346301567,-1,1
vm-8255,Azure,Database,51.74874578973321,8.050457544145186,-1,1
vm-8273,Azure,Compute,53.94072851892577,35.46799943742914,-1,1
vm-8289,Azure,Storage,56.59271800900231,60.73054199858221,-1,1
vm-8302,Azure,Database,57.9978952953606,3.4380844589892225,-1,1
vm-8325,Azure,Storage,55.09237469232088,3.491725262501453,-1,1
vm-8330,Azure,Compute,57.771946940505956,50.44037668434547,-1,1
vm-8333,Azure,Machine Learning,57.91064839103405,55.08881893396264,-1,1
vm-8344,Azure,Database,54.119318104995685,34.82139738527139,-1,1
vm-8363,Azure,Storage,56.173263812840105,60.28594181219251,-1,1
vm-8385,Azure,Machine Learning,58.58464850119449,46.60770909874924,-1,1
vm-8387,Azure,Compute,55.13759600761101,16.17065742945536,-1,1
vm-8392,Azure,Storage,59.05668855388821,60.0784421804999,-1,1
vm-8416,Azure,Machine Learning,58.6059549037734,4.4707141452527726,-1,1
vm-8420,Azure,Machine Learning,54.72055214381092,6.962026052383491,-1,1
vm-8429,Azure,Compute,57.41440744591009,8.001333311946599,-1,1
vm-8435,Azure,Database,58.974610535502926,29.04897643518342,-1,1
vm-8467,Azure,Machine Learning,55.64876355636088,63.00229116512028,-1,1
vm-8468,Azure,Machine Learning,53.54633334137986,38.17551169943431,-1,1
vm-8480,Azure,Database,55.15955624206718,43.24200444369303,-1,1
vm-8488,Azure,Machine Learning,57.619484737899135,16.32773143326049,-1,1
vm-8490,Azure,Machine Learning,57.82020155511084,9.556890004800294,-1,1
vm-8491,Azure,Storage,54.605952322783246,40.98662750043177,-1,1
vm-8495,Azure,Networking,56.63012535586395,37.49744462185466,-1,1
vm-8496,Azure,Database,55.07198551137469,57.10442483116508,-1,1
vm-8499,Azure,Compute,55.07111082931885,7.196433082760525,-1,1
vm-8504,Azure,Networking,56.12443593517729,13.252786536156291,-1,1
vm-8523,Azure,Compute,55.571150415035,37.871894336515446,-1,1
vm-8524,Azure,Storage,53.55680076221416,28.72455693574056,-1,1
vm-8544,Azure,Networking,55.89258646781741,37.26885262895318,-1,1
vm-8548,Azure,Compute,57.66797073414182,36.12311770185385,-1,1
vm-8549,Azure,Database,57.36576526006994,66.68075800595446,-1,1
vm-8551,Azure,Networking,56.89624378451454,42.039171234253175,-1,1
vm-8555,Azure,Database,55.87662570738181,64.85609133251995,-1,1
vm-8561,Azure,Networking,59.71652111046298,28.589334928800017,-1,1
vm-8605,Azure,Compute,58.07971516354767,24.64517258636517,-1,1
vm-8605,Azure,Networking,54.68396528844914,39.1217654209194,-1,1
vm-8609,Azure,Storage,53.40249621011424,22.560187573707218,-1,1
vm-8611,Azure,Storage,53.755350597209116,62.28562346736512,-1,1
vm-8681,Azure,Compute,55.68383067459974,58.9058341184704,-1,1
vm-8725,Azure,Storage,58.482455764207074,49.76805017475319,-1,1
vm-8731,Azure,Networking,59.93996306441021,65.75286301198676,-1,1
vm-8732,Azure,Compute,53.95727813377077,43.81311558158562,-1,1
vm-8737,Azure,Machine Learning,59.05118839653534,51.311394037532885,-1,1
vm-8743,Azure,Storage,54.3550780666863,52.68931073054844,-1,1
vm-8752,Azure,Storage,54.28865176443011,23.225609982577833,-1,1
vm-8761,Azure,Machine Learning,55.1447918358825,65.84441660744325,-1,1
vm-8783,Azure,Machine Learning,56.07207542350176,47.5025431354139,-1,1
vm-8814,Azure,Machine Learning,53.46680820188122,19.126622930655785,-1,1
vm-8843,Azure,Compute,58.012691391653,38.00905802874506,-1,1
vm-8861,Azure,Storage,57.39132232072416,20.938376607142125,-1,1
vm-8863,Azure,Compute,54.448619607102636,30.61387086361967,-1,1
vm-8866,Azure,Database,52.62735615898342,27.24104797753575,-1,1
vm-8869,Azure,Storage,54.24914670820045,61.447307845820426,-1,1
vm-8875,Azure,Storage,55.52775473899629,47.42141891797408,-1,1
vm-8882,Azure,Networking,53.55393429598691,11.851934909706037,-1,1
vm-8891,Azure,Networking,54.19851030519756,4.513651562875064,-1,1
vm-8920,Azure,Machine Learning,56.99051118845191,45.287085616726806,-1,1
vm-8932,Azure,Database,53.12279968913041,61.417374662262255,-1,1
vm-8945,Azure,Machine Learning,59.90135408006923,23.469267395681843,-1,1
vm-8969,Azure,Networking,54.32879650231788,66.03529844143046,-1,1
vm-8996,Azure,Database,54.27010297828253,19.63497181163404,-1,1
vm-9011,Azure,Machine Learning,59.459894280484136,38.45897837038909,-1,1
vm-9017,Azure,Storage,55.70185871403688,36.943636598254265,-1,1
vm-9019,Azure,Storage,52.55205473595299,15.760979989678589,-1,1
vm-9026,Azure,Database,54.29369265506535,66.8808105934477,-1,1
vm-9032,Azure,Machine Learning,57.94158532939333,20.43899635536532,-1,1
vm-9034,Azure,Machine Learning,58.18075226138455,66.7037266814976,-1,1
vm-9066,Azure,Compute,56.09697904380644,8.7025366834628,-1,1
vm-9077,Azure,Machine Learning,54.31315101157505,39.118384984247356,-1,1
vm-9081,Azure,Machine Learning,56.56001900009133,22.354320583501504,-1,1
vm-9088,Azure,Database,54.72626074608379,29.583407495223167,-1,1
vm-9091,Azure,Networking,55.10387317162232,30.9196242626594,-1,1
vm-9093,Azure,Database,56.10306438881946,52.68883184800714,-1,1
vm-9107,Azure,Storage,58.06040822711429,41.6865341407823,-1,1
vm-9120,Azure,Networking,53.902458196757436,28.629845028802244,-1,1
vm-9137,Azure,Database,54.198375325613654,65.95304297138242,-1,1
vm-9147,Azure,Storage,53.82511256311588,62.90449039496002,-1,1
vm-9152,Azure,Database,59.321171155895314,35.20510390225927,-1,1
vm-9170,Azure,Storage,54.9765945432244,28.03618552556198,-1,1
vm-9180,Azure,Database,53.93759939556332,60.16672004033615,-1,1
vm-9195,Azure,Compute,57.69880277143999,66.99826093796264,-1,1
vm-9218,Azure,Storage,55.44812393124269,53.63013320604343,-1,1
vm-9243,Azure,Storage,57.62056924294479,64.87641037992799,-1,1
vm-9260,Azure,Machine Learning,55.51239806217322,30.53349217696883,-1,1
vm-9268,Azure,Storage,55.11275448352893,36.78660328636048,-1,1
vm-9284,Azure,Database,53.97271354169546,64.81714888034008,-1,1
vm-9340,Azure,Networking,55.9850887164292,45.93178274003762,-1,1
vm-9348,Azure,Machine Learning,56.72615956086461,28.893735791672388,-1,1
vm-9349,Azure,Machine Learning,54.1130119928964,16.872316443535375,-1,1
vm-9356,Azure,Storage,58.25954724746757,22.216248327658032,-1,1
vm-9362,Azure,Networking,50.691990741726784,2.891799733348343,-1,1
vm-9365,Azure,Machine Learning,52.523159084253614,13.95500931046231,-1,1
vm-9374,Azure,Networking,58.04452679223106,11.962099903848832,-1,1
vm-9377,Azure,Networking,57.87644870344938,46.67715872695531,-1,1
vm-9392,Azure,Compute,55.267010443399634,64.72446905126156,-1,1
vm-9413,Azure,Machine Learning,53.76550022855358,9.554807609314432,-1,1
vm-9414,Azure,Compute,55.0727661480445,39.31366065514735,-1,1
vm-9451,Azure,Compute,56.06751283202459,19.294799998201714,-1,1
vm-9507,Azure,Storage,54.5903584467887,16.63235285380054,-1,1
vm-9557,Azure,Networking,52.8152682177755,17.285681295642462,-1,1
vm-9559,Azure,Networking,50.72592524988071,7.584898129696111,-1,1
vm-9615,Azure,Networking,52.970236167312834,11.001467517582574,-1,1
vm-9657,Azure,Networking,57.57968439705682,15.235245059497935,-1,1
vm-9667,Azure,Storage,55.90261307555246,27.12885834218978,-1,1
vm-9682,Azure,Networking,56.532812081501746,66.18832146407313,-1,1
vm-9684,Azure,Compute,54.04119605310096,9.939553202878834,-1,1
vm-9685,Azure,Storage,52.44208675006183,10.859470465280928,-1,1
vm-9689,Azure,Machine Learning,53.46203792507141,29.89725236774656,-1,1
vm-9690,Azure,Networking,55.50354488872068,30.51508189553205,-1,1
vm-9694,Azure,Database,58.07053637279874,55.8858872915006,-1,1
vm-9712,Azure,Compute,55.67129602469502,50.98197126903855,-1,1
vm-9713,Azure,Database,58.20224527025657,36.07729413375485,-1,1
vm-9718,Azure,Machine Learning,53.03351835359671,1.878981007025402,-1,1
vm-9722,Azure,Database,55.145471021347376,46.29797581329505,-1,1
vm-9724,Azure,Machine Learning,55.22857684928327,41.50744740504146,-1,1
vm-9748,Azure,Storage,58.49493696570585,36.33826856228547,-1,1
vm-9754,Azure,Networking,53.48127276018607,16.590172030988374,-1,1
vm-9772,Azure,Storage,53.3639919811631,7.669800471088997,-1,1
vm-9780,Azure,Machine Learning,56.39816943603504,44.5604678011896,-1,1
vm-9809,Azure,Database,59.59325312346757,54.67499547164942,-1,1
vm-9824,Azure,Compute,53.29197831452487,34.57956221538432,-1,1
vm-9831,Azure,Machine Learning,52.74623018909421,11.914588129336888,-1,1
vm-9833,Azure,Storage,56.30251021863596,22.84384688745408,-1,1
vm-9843,Azure,Compute,57.23390997742671,49.55646732178731,-1,1
vm-9867,Azure,Networking,54.701411953387115,32.23265686410669,-1,1
vm-9869,Azure,Database,55.63356289048206,57.41364543190716,-1,1
vm-9872,Azure,Networking,54.1189110625579,21.454012000878315,-1,1
vm-9885,Azure,Networking,52.2474803746476,5.945465818242776,-1,1
vm-9908,Azure,Networking,56.0189450290913,57.30880953126993,-1,1
vm-9919,Azure,Machine Learning,53.06393211989288,32.426924404830515,-1,1
vm-9937,Azure,Machine Learning,56.6835193998633,51.53648658031943,-1,1
vm-9940,Azure,Machine Learning,56.055761692023054,66.34538627816681,-1,1
vm-9940,Azure,Networking,54.94530147454747,25.045366890391414,-1,1
vm-9948,Azure,Database,59.39389915334336,2.047814684430539,-1,1
vm-9966,Azure,Database,57.74398173356923,8.38207991342119,-1,1
vm-9972,Azure,Storage,53.32786224256766,28.76235922636861,-1,1
vm-9986,Azure,Machine Learning,53.11132801381136,7.908090777968089,-1,1
